<?xml version="1.0" encoding="utf-8"?>
<extension type="component" version="3.9" method="upgrade">

	<name>COM_TABAPAPO</name>
	
	<creationDate>December 2021</creationDate>
	<author>Jonatas C. Ferreira</author>
	<authorEmail>jonatas.ferreira@gmail.com</authorEmail>
	<authorUrl>http://tabaoca.org</authorUrl>
	<copyright>Copyright (C) 2021 Tabaoca. All rights reserved.</copyright>
	<license>GNU General Public License version 2 or later</license>

	<version>0.8.0</version>

	<description>COM_TABAPAPO_DESCRIPTION</description>

	<scriptfile>script.php</scriptfile>

	<install>
		<sql>
			<file driver="mysql" charset="utf8">sql/install.mysql.utf8.sql</file>
		</sql>
	</install>

	<uninstall>
		<sql>
			<file driver="mysql" charset="utf8">sql/uninstall.mysql.utf8.sql</file>
		</sql>
	</uninstall>

	<update>
		<schemas>
			<schemapath type="mysql">sql/updates/mysql</schemapath>
		</schemas>
	</update>

	<files folder="site">
		<filename>index.html</filename>
		<filename>tabapapo.php</filename>
		<filename>controller.php</filename>
		<folder>views</folder>
		<folder>models</folder>
		<folder>controllers</folder>
	</files>

	<languages folder="site/language">
		<language tag="en-GB">en-GB/en-GB.com_tabapapo.ini</language>
	</languages>

	<media destination="com_tabapapo" folder="media">
		<filename>index.html</filename>
		<folder>images</folder>
 		<folder>js</folder>
		<folder>css</folder>
	</media>

	<administration>
		<menu link='index.php?option=com_tabapapo' img="../media/com_tabapapo/images/tux-16x16.png">COM_TABAPAPO_MENU</menu>
		<files folder="admin">
			<filename>index.html</filename>
			<filename>tabapapo.php</filename>
			<filename>config.xml</filename>
			<filename>controller.php</filename>
			<filename>access.xml</filename>
			<folder>sql</folder>
			<folder>tables</folder>
			<folder>views</folder>
			<folder>models</folder>
			<folder>controllers</folder>
			<folder>helpers</folder>
		</files>

		<languages folder="admin/language">
			<language tag="en-GB">en-GB/en-GB.com_tabapapo.ini</language>
			<language tag="en-GB">en-GB/en-GB.com_tabapapo.sys.ini</language>
		</languages>

	</administration>
	
  <updateservers>
		<!-- Change the URL below to match that of your own update XML file -->
		<server type="extension" name="Tabapapo Updates">https://tabaoca.org/tabapapo-updates/updates.xml</server>
	</updateservers>
  
</extension>